0,chokudai,Textures/Chara/chokudai
1,d0iasm,Textures/Chara/d0iasm
2,Dan Kogai,Textures/Chara/Dan kogai
3,Hak Matsuda,Textures/Chara/Hak Matsuda
4,Hideyuki Tanaka,Textures/Chara/Hideyuki Tanaka
5,higepon,Textures/Chara/higepon
6,hikalium,Textures/Chara/hikalium
7,Jeffry Alvarado,Textures/Chara/JeffryAlvarado
8,Junichi Ito,Textures/Chara/Junichi Ito
9,Masayoshi Takahashi,Textures/Chara/Masayoshi Takahashi
10,Naoki Hiroshima,Textures/Chara/Naoki Hiroshima
11,naoya,Textures/Chara/naoya
12,Rui Ueyama,Textures/Chara/Rui Ueyama
13,Ryuta kamizono,Textures/Chara/RyutaKamizono
14,Satoshi Nakajima,Textures/Chara/SatoshiNakajima
15,shi3z,Textures/Chara/shi3z
16,Tatsuhiko Miyagawa,Textures/Chara/Tatsuhiko Miyagawa
17,Yukihiro Matz,Textures/Chara/YukihiroMatz
18,うた,Textures/Chara/うた
19,シェイン・グウ,Textures/Chara/シェイン・グウ
20,ちょまど,Textures/Chara/ちょまど
21,どりきん,Textures/Chara/どりきん
22,ロボ太,Textures/Chara/ロボ太
23,羽生善治,Textures/Chara/羽生善治
24,角 征典　,Textures/Chara/角 征典
25,及川卓也,Textures/Chara/及川卓也
26,結城浩,Textures/Chara/結城浩
27,江添亮,Textures/Chara/江添亮
28,山本一成,Textures/Chara/山本一成
29,徳永広夢,Textures/Chara/徳永広夢
30,徳丸 浩,Textures/Chara/徳丸 浩
31,父,Textures/Chara/父
32,ガリットチュウ福島,Textures/Chara/ガリットチュウ福島
